<?xml version="1.0" encoding="UTF-8"?>
<!DOCTYPE mapper
PUBLIC "-//mybatis.org//DTD Mapper 3.0//EN"
"http://mybatis.org/dtd/mybatis-3-mapper.dtd">

<mapper namespace="com.human.dao.BoardDao">

	<insert id="create">insert into board (bId, bGroupKind, bTitle, bContent,
		bName, bGroup)
		values (bId.nextval,#{bGroupKind},#{bTitle},#{bContent},
		#{bName}, bId.nextval)
	</insert>

	<!-- 답글 작성 -->
<!-- 	update 된 다음에 insert가 돼야함 -->
		<update id="replyStep">
		update board set bStep=bStep+1 where bGroup=#{bGroup}
		and bStep>#{bStep}
	</update>
	
	
	<insert id="replyCreate">
		insert into board(bGroupKind, bId, bName, bTitle,
		bContent, bGroup, bStep, bIndent)
		values
		((select bGroupKind from board where bId=#{bId}), bId.nextval, #{bName},
		#{bTitle}, #{bContent},
		(select bGroup from board where bId=#{bId}), #{bStep}, #{bIndent})
	</insert>

	<!-- 답글 달기 전 부모의 step보다 높은 글들의 step 하나씩 증가시킴(중간에 답글을 삽입하기 위함) -->



	<select id="read" resultType="BoardDto">
		select * from board where bId =
		#{bId}
	</select>

	<update id="update">
		update board set
		bTitle=#{bTitle},bContent=#{bContent}, bUpdateTime=#{bUpdateTime}
		where bId=#{bId}
	</update>

	<delete id="delete"> delete from board where bId = #{bId} </delete>

	<select id="listAll" resultType="com.human.dto.BoardDto">
		<![CDATA[ select * from board where bId > 0 order by bGroup desc, bStep asc ]]>
	</select>

	<update id="increaseViewCount">
		update board set bHit = bHit + 1 where bId = #{bId}
	</update>

	<update id="bLike">
		update board set bLike = bLike + 1 where bId = #{bId}
	</update>

	<select id="listMenu" resultType="com.human.dto.BoardDto">
		<![CDATA[ select * from board where bGroupKind = #{bGroupKind} order by bGroup desc, bStep asc]]>
		
	</select> 
	
	<select id="countBoard" parameterType="String" resultType="int">
  		SELECT COUNT(*) FROM board WHERE bGroupKind = #{bGroupKind}
	</select>

	<select id="menuKind" resultType="String">
   		<![CDATA[ select distinct bGroupKind from board order by bGroupKind ]]>
	</select>
<!-- 검색 -->
	<sql id='search'>
		<if test="searchType!=null">
			<if test="searchType == '게시판'.toString()"> and bGroupKind like '%'|| #{keyword}||'%' </if>
			<if test="searchType == '제목'.toString()"> and bTitle like '%'|| #{keyword}||'%' </if>
			<if test="searchType == '내용'.toString()"> and bContent like '%'|| #{keyword}||'%' </if>
			<if test="searchType == '작성자'.toString()"> and bName like '%'|| #{keyword}||'%' </if>
			<if test="searchType == '제목 +내용'.toString()"> and ( bTitle like '%'|| #{keyword}||'%' OR bContent like
				'%'|| #{keyword}||'%') </if>
			<if test="searchType == '내용+작성자'.toString()"> and ( bContent like '%'|| #{keyword}||'%' OR bName like
				'%'|| #{keyword}||'%') </if>
			<if test="searchType == '제목+내용+작성자'.toString()"> and ( bTitle like '%'|| #{keyword}||'%' OR bContent like
				'%'|| #{keyword}||'%' OR bName like '%'|| #{keyword}||'%') </if>
		</if>
	</sql>
	<!-- 페이징서치 pageList -->
<select id="listSearch" resultType="BoardDto">
   <![CDATA[select * from board where 1=1 ]]>
   <include refid="search"/>
   <![CDATA[
      and bDelete='Y' 
      order by bGroup desc, bStep asc 
      offset (#{page}-1)*#{perPageNum} rows fetch next #{perPageNum} rows only
   ]]>
</select>

	
<!-- <select id="listSearch" resultType="com.human.dto.BoardDto"> -->
<!-- 	<![CDATA[SELECT * FROM (SELECT board.*, ROW_NUMBER() OVER ( and bDelete='N' ORDER by bGroup desc,bStep asc) AS rn FROM board WHERE 1=1]]> -->
<!--  include 는 refid 옆에 입력한 search를 찾아간다 위에 sql id='search'로 찾아간다. 이거 주석임 -->
<!--       <include refid="search" /> -->
<!-- 	<![CDATA[ -->
	
<!-- 	 )WHERE rn BETWEEN ((#{page} - 1) * #{perPageNum}) + 1 AND #{page}* #{perPageNum}]]> -->
<!--   </select> -->


  <select id="listSearchCount" resultType="int">
    <![CDATA[ select count(bId) from board where 1=1 ]]>
      <include refid="search" />
    <![CDATA[and bDelete='Y']]>
  </select>


<!-- 카테고리 페이징 처리 cateList -->	
<select id="bGroupKindSearch" resultType="BoardDto">
  <![CDATA[select * from board where 1=1 ]]>
   <include refid="search"/>
   <![CDATA[
      and bGroupKind=#{bGroupKind} 
      and bDelete='Y' 
      order by bGroup desc, bStep asc 
      offset (#{page}-1)*#{perPageNum} rows fetch next #{perPageNum} rows only
   ]]>
</select>

  <select id="bGroupKindSearchCount" resultType="int">
    <![CDATA[ select count(bId) from board where 1=1 ]]>
      <include refid="search" />
    <![CDATA[and bGroupKind=#{bGroupKind} and bDelete='Y']]>
  </select>

<select id="category" resultType="String">
select distinct bGroupKind from board
</select>
</mapper>
