<?xml version="1.0" encoding="UTF-8"?>
<!DOCTYPE mapper
PUBLIC "-//mybatis.org//DTD Mapper 3.0//EN"
"http://mybatis.org/dtd/mybatis-3-mapper.dtd">
<mapper namespace="com.human.dao.ReplyDao">
   <select id="list" resultType="ReplyDto">
      select* from tbl_reply
      where bId =#{bId}
      order by rGroup desc,rStep asc
   </select>
   
      <select id="read" resultType="ReplyDto">
      select * from tbl_reply where rId =
      #{rId} order by rGroup desc,rStep asc
   </select>
   
   
<!--    댓글 -->
   <insert id="insert">
      insert into tbl_reply (rId, bId, replytext, replyer, rGroup)
      values (seq_reply.nextval, #{bId},#{replytext},#{replyer},seq_reply.nextval)
   </insert>
   
<!--    대댓글 -->
<insert id="createReply">
    insert into tbl_reply (rGroup, rId, bId, replytext, replyer, rStep, rIndent)
    values 
    ((select rGroup from tbl_reply where rId=#{rId}), seq_reply.nextval, #{bId}, #{replytext}, #{replyer}, #{rStep}, #{rIndent})
</insert>
   <!-- 답글 달기 전 부모의 step보다 높은 글들의 step 하나씩 증가시킴(중간에 답글을 삽입하기 위함) -->
   <update id="stepReply">
      update tbl_reply set rStep=rStep+1 where rGroup=#{rGroup}
      and rStep>#{rStep}
   </update>

   <update id="update">
      update tbl_reply set replytext = #{replytext},
      updatedate = sysdate
      where rId = #{rId}
   </update>

   <delete id="delete">
      delete from tbl_reply where rId =#{rId}
   </delete>
   
   
<!--댓글 정렬하는 부분이 여기임 -->
<select id="listPage" resultType="ReplyDto"> 
   <![CDATA[select * from tbl_reply where 
      bId=#{bId} 
      order by rGroup asc, rStep asc 
      offset (#{pm.page}-1)*#{pm.perPageNum} rows fetch next #{pm.perPageNum} rows only
   ]]>
</select>


 <!-- 해당 글의 댓글 count -->
<select id="count" resultType="int">
<![CDATA[select count(rId) from tbl_reply where bId=#{bId}]]>
</select>
 
 
 <!-- 대대댓글 작성 -->

<!-- <insert id="createReply"> -->
<!--        insert into tbl_reply (rGroup,rId, bId, replytext, replyer,  rStep, rIndent) -->
<!--        values  -->
<!--        ((select rGroup from tbl_reply where rId=#{rId}),seq_reply.nextval, #{bId}, #{replytext}, #{replyer},  -->
<!--        #{rStep}, #{rIndent}) -->
<!--    </insert> -->
   
</mapper>