<?xml version="1.0" encoding="UTF-8"?>
<beans:beans
	xmlns="http://www.springframework.org/schema/security"
	xmlns:beans="http://www.springframework.org/schema/beans"
	xmlns:xsi="http://www.w3.org/2001/XMLSchema-instance"
	xsi:schemaLocation="http://www.springframework.org/schema/security http://www.springframework.org/schema/security/spring-security.xsd
		http://www.springframework.org/schema/beans http://www.springframework.org/schema/beans/spring-beans-4.3.xsd">


	<beans:bean id="LoginSuccess"
		class="com.human.Handler.LoginRedirectHandler" />

	<!-- URL 설정 -->
	<http use-expressions="true">
	<csrf disabled="true"/>
		<intercept-url pattern="/board/main" access="permitAll" /><!--permitAll:모든  사용자 -->
<!-- 		<intercept-url pattern="/board/main" access="hasAnyRole('MEMBER,ADMIN')" /> -->
		<intercept-url pattern="/board/listAll" access="hasAnyRole('MEMBER')" />
		<intercept-url pattern="/partner/listPartner" access="hasAnyRole('MEMBER')" />
		<intercept-url pattern="/hire/listAllHire" access="hasAnyRole('MEMBER')" />
		<intercept-url pattern="/study/studyListAll" access="hasAnyRole('MEMBER')" />
		<!-- <intercept-url pattern="/admin/**" access="hasRole('ADMIN')" /> -->
<!-- 		<intercept-url pattern="/board/main" access="permitAll" /> -->

		<form-login login-page="/admin/user/login"
			authentication-success-handler-ref="LoginSuccess"
			default-target-url="/board/main"
			authentication-failure-url="/admin/user/login?error"
			username-parameter="id" password-parameter="password" />
		<logout logout-url="/admin/user/logout" invalidate-session="true" />
		<!--화면 없이 해당 주소로 오면 session이 지워지고 로그아웃이 진행됨 -->
		<!-- 에러 났을 때 에러 처리하는 페이지 -->
		<access-denied-handler error-page="/board/error_common" />
	</http>

	<!-- BCryptPasswordEncoder 클래스 빈 추가  -->
<!-- 	<beans:bean id="bcryptPasswordEncoder"  -->
<!-- 	             class="org.springframework.security.crypto.bcrypt.BCryptPasswordEncoder" /> -->
	
	<!-- provider -->
	<authentication-manager>
		<authentication-provider>
		  <!-- 로그인 시 비밀번호를 암호화해서 DB에서 조회한 비밀번호와 비교 -->
<!-- 		    <password-encoder ref="bcryptPasswordEncoder"/> -->
			<jdbc-user-service
    authorities-by-username-query="SELECT username, 'ROLE_MEMBER' as authority FROM users WHERE username = ?"
    users-by-username-query="SELECT username, password, enabled FROM users WHERE username = ?"
    role-prefix="" data-source-ref="dataSource" />

		</authentication-provider>
	</authentication-manager>


</beans:beans>